{
  "comments_link": null, 
  "internal_id": {
    "__class__": "bytes", 
    "__value__": [
      222, 
      213, 
      180, 
      248
    ]
  }, 
  "title": "Dive into history, 2009 edition", 
  "tags": [
    "diveintopython", 
    "docbook", 
    "html"
  ], 
  "article_link": "http://diveintomark.org/archives/2009/03/27/dive-into-history-2009-edition", 
  "published_date": {
    "__class__": "time.asctime", 
    "__value__": "Fri Mar 27 22:20:42 2009"
  }, 
  "published": true
}